Class,Precision,Recall,F1-Score,Support
no,0.9276139410187667,0.9688,0.9477597339072589,2500
sphere,0.9344126193441262,0.9004,0.9170910572418007,2500
vort,0.9548387096774194,0.9472,0.951004016064257,2500
